variant,method,dataset,seed,test_acc,val_acc,train_time,params,peak_mem_mb
closed_form,AGT-closed,Actor,0,0.31776317954063416,0.3330592215061188,64.23498726903927,60037,270.9951171875
closed+calib,AGT,Actor,0,0.31842106580734253,0.33552631735801697,180.18768861197168,60423,283.33740234375
agt_implicit,AGT-Implicit,Actor,0,0.32697370648384094,0.3318256735801697,64.91896058700513,60423,571.38037109375
agt_implicit_leaky,AGT-Implicit,Actor,0,0.33355265855789185,0.3334704041481018,65.62797819200205,60423,790.60693359375
random,RandomGranularityPolicy,Actor,0,0.3236842155456543,0.33388158679008484,61.73767000401858,60037,491.0478515625
fixed_k2,FixedGranularityPolicy,Actor,0,0.3276315927505493,0.3371710479259491,59.01913950796006,60037,489.8896484375
td3,GRAIN-TD3,Actor,0,0.31776317954063416,0.3359375,165.1200465669972,468488,503.95361328125
