variant,test_mean,test_std,time_mean
closed+calib,0.3324342221021652,0.009934236874256508,260.80281330950095
closed_form,0.33401317298412325,0.008264082007118138,151.115422040096
fixed_k2,0.3337500154972076,0.005513511416305639,140.67483210180072
random,0.33026317656040194,0.005851610635398921,151.14779866889586
td3,0.3317763268947601,0.008777685400996993,319.4388909427973
