{
  "mean_corr": 0.9908644348156941,
  "corrs": [
    0.990864434815694,
    0.990864434815694,
    0.990864434815694,
    0.990864434815694,
    0.990864434815694,
    0.990864434815694,
    0.990864434815694,
    0.990864434815694,
    0.990864434815694,
    0.990864434815694
  ]
}