{
  "mean_corr": 0.9912487060635652,
  "corrs": [
    0.9912487060635651,
    0.9912487060635651,
    0.9912487060635651,
    0.9912487060635651,
    0.9912487060635651,
    0.9912487060635651,
    0.9912487060635651,
    0.9912487060635651,
    0.9912487060635651,
    0.9912487060635651
  ]
}