{
  "mean_corr": 0.9911144439843973,
  "corrs": [
    0.9911144439843973
  ]
}