{
  "mean_corr": 0.9878119453262789,
  "corrs": [
    0.987811945326279,
    0.987811945326279,
    0.987811945326279,
    0.987811945326279,
    0.987811945326279,
    0.987811945326279,
    0.987811945326279,
    0.987811945326279,
    0.987811945326279,
    0.987811945326279
  ]
}