{
  "seed":{
    "Actor":4.5,
    "Chameleon":4.5,
    "Cora":4.5,
    "Squirrel":4.5
  },
  "agt_time":{
    "Actor":267.7114042798,
    "Chameleon":91.1544766879,
    "Cora":87.9391102138,
    "Squirrel":211.6591335091
  },
  "implicit_time":{
    "Actor":153.5935303703,
    "Chameleon":55.9038120901,
    "Cora":51.8496524574,
    "Squirrel":120.7613000706
  },
  "td3_time":{
    "Actor":328.5923944212,
    "Chameleon":115.420208716,
    "Cora":99.3513651927,
    "Squirrel":248.1809914869
  },
  "agt_speedup":{
    "Actor":1.2390412841,
    "Chameleon":1.2619273393,
    "Cora":1.1298674727,
    "Squirrel":1.1850752926
  },
  "implicit_speedup":{
    "Actor":2.1464417004,
    "Chameleon":2.0875310137,
    "Cora":1.9179872981,
    "Squirrel":2.0557706957
  },
  "agt_params":{
    "Actor":60423.0,
    "Chameleon":149575.0,
    "Cora":92617.0,
    "Squirrel":134471.0
  },
  "implicit_params":{
    "Actor":60423.0,
    "Chameleon":149575.0,
    "Cora":92617.0,
    "Squirrel":134471.0
  },
  "td3_params":{
    "Actor":468488.0,
    "Chameleon":1092552.0,
    "Cora":693066.0,
    "Squirrel":986824.0
  },
  "agt_mem_mb":{
    "Actor":277.7840820313,
    "Chameleon":209.4663085938,
    "Cora":156.2404785156,
    "Squirrel":414.1375
  },
  "implicit_mem_mb":{
    "Actor":565.698828125,
    "Chameleon":425.0532226562,
    "Cora":304.157421875,
    "Squirrel":855.0583984375
  },
  "td3_mem_mb":{
    "Actor":279.9364257813,
    "Chameleon":238.6961425781,
    "Cora":171.5397949219,
    "Squirrel":429.3371582031
  }
}